{"saturation_timer_start": 1769779279.2423947, "is_saturated": false, "timestamp": 1769779279.2423964}